,time,mu_real,mu_imag
1,0.0005,-0.164841628389,-3.31046863396e-14
2,0.001,-0.164841583718,-7.78029025381e-10
3,0.0015,-0.164841495549,-1.55518742587e-09
4,0.002,-0.164841361112,-2.33297404743e-09
5,0.0025,-0.164841182471,-3.25544699212e-09
