,w0,A,t0,dt,precs,i,a
1,0.9686350000,0.0050000000,0.0086000000,0.0001000000,15.0000000000,10.0000000000,4.0000000000
