,total,t1,t2,l1,l2
0,1.87468791008,0.0316119194031,0.720139026642,0.674929857254,0.448007106781
1,4.75622010231,0.0683760643005,1.92369699478,1.67583203316,1.08831501007
2,4.75715398788,0.066498041153,1.93175292015,1.67031097412,1.08859205246
3,4.76695156097,0.0674369335175,1.91738891602,1.68169784546,1.10042786598
4,4.7782459259,0.0678579807281,1.95156598091,1.67834591866,1.08047604561
